[{"model": "admin.logentry", "pk": 1, "fields": {"action_time": "2022-07-11T13:05:52.799Z", "user": 1, "content_type": 14, "object_id": "1", "object_repr": "Civil Engineering Structures", "action_flag": 1, "change_message": "[{\"added\": {}}]"}}, {"model": "admin.logentry", "pk": 2, "fields": {"action_time": "2022-07-11T13:05:58.610Z", "user": 1, "content_type": 14, "object_id": "2", "object_repr": "External Fire Risk Inspections", "action_flag": 1, "change_message": "[{\"added\": {}}]"}}, {"model": "admin.logentry", "pk": 3, "fields": {"action_time": "2022-07-11T13:06:03.235Z", "user": 1, "content_type": 14, "object_id": "3", "object_repr": "Domestic & Commercial Surveys - Chimney & Roof Inspections", "action_flag": 1, "change_message": "[{\"added\": {}}]"}}, {"model": "admin.logentry", "pk": 4, "fields": {"action_time": "2022-07-11T13:06:10.181Z", "user": 1, "content_type": 14, "object_id": "4", "object_repr": "Domestic & Commercial Surveys - Roof Inspections All Areas", "action_flag": 1, "change_message": "[{\"added\": {}}]"}}, {"model": "admin.logentry", "pk": 5, "fields": {"action_time": "2022-07-11T13:06:15.459Z", "user": 1, "content_type": 14, "object_id": "5", "object_repr": "Domestic & Commercial Surveys - Gutter & Roof Inspections", "action_flag": 1, "change_message": "[{\"added\": {}}]"}}, {"model": "admin.logentry", "pk": 6, "fields": {"action_time": "2022-07-11T13:06:21.642Z", "user": 1, "content_type": 14, "object_id": "6", "object_repr": "Domestic & Commercial Surveys - Dangerous Structures Inspections", "action_flag": 1, "change_message": "[{\"added\": {}}]"}}, {"model": "admin.logentry", "pk": 7, "fields": {"action_time": "2022-07-11T13:06:50.396Z", "user": 1, "content_type": 15, "object_id": "1", "object_repr": "Civil Engineering Structures", "action_flag": 1, "change_message": "[{\"added\": {}}]"}}, {"model": "admin.logentry", "pk": 8, "fields": {"action_time": "2022-07-11T13:08:13.410Z", "user": 1, "content_type": 15, "object_id": "2", "object_repr": "External Fire Risk Inspections", "action_flag": 1, "change_message": "[{\"added\": {}}]"}}, {"model": "admin.logentry", "pk": 9, "fields": {"action_time": "2022-07-11T13:08:33.193Z", "user": 1, "content_type": 15, "object_id": "3", "object_repr": "Domestic & Commercial Surveys - Chimney & Roof Inspections", "action_flag": 1, "change_message": "[{\"added\": {}}]"}}, {"model": "admin.logentry", "pk": 10, "fields": {"action_time": "2022-07-12T14:07:36.920Z", "user": 1, "content_type": 16, "object_id": "6", "object_repr": "0E20A5B6F87948F5A40B199C92B7C3F7", "action_flag": 3, "change_message": ""}}, {"model": "admin.logentry", "pk": 11, "fields": {"action_time": "2022-07-12T14:07:36.922Z", "user": 1, "content_type": 16, "object_id": "5", "object_repr": "D413288B2E0543568E71BD31DA9FF918", "action_flag": 3, "change_message": ""}}, {"model": "admin.logentry", "pk": 12, "fields": {"action_time": "2022-07-12T14:07:36.923Z", "user": 1, "content_type": 16, "object_id": "4", "object_repr": "52671501366B4FFAB5B5C73865236307", "action_flag": 3, "change_message": ""}}, {"model": "admin.logentry", "pk": 13, "fields": {"action_time": "2022-07-12T14:07:36.925Z", "user": 1, "content_type": 16, "object_id": "3", "object_repr": "4A017CB5A4144047B9E9213C844DD58A", "action_flag": 3, "change_message": ""}}, {"model": "admin.logentry", "pk": 14, "fields": {"action_time": "2022-07-12T14:07:36.926Z", "user": 1, "content_type": 16, "object_id": "2", "object_repr": "DA715F81F8DF47E0A63A54BE5F3E5395", "action_flag": 3, "change_message": ""}}, {"model": "admin.logentry", "pk": 15, "fields": {"action_time": "2022-07-12T14:07:36.928Z", "user": 1, "content_type": 16, "object_id": "1", "object_repr": "24CDA61B40494DBDB49FA4DA746C2D03", "action_flag": 3, "change_message": ""}}, {"model": "admin.logentry", "pk": 16, "fields": {"action_time": "2022-07-12T14:07:47.562Z", "user": 1, "content_type": 15, "object_id": "3", "object_repr": "Domestic & Commercial Surveys - Chimney & Roof Inspections", "action_flag": 3, "change_message": ""}}, {"model": "admin.logentry", "pk": 17, "fields": {"action_time": "2022-07-12T14:07:47.564Z", "user": 1, "content_type": 15, "object_id": "2", "object_repr": "External Fire Risk Inspections", "action_flag": 3, "change_message": ""}}, {"model": "admin.logentry", "pk": 18, "fields": {"action_time": "2022-07-12T14:07:47.565Z", "user": 1, "content_type": 15, "object_id": "1", "object_repr": "Civil Engineering Structures", "action_flag": 3, "change_message": ""}}, {"model": "admin.logentry", "pk": 19, "fields": {"action_time": "2022-07-12T14:08:14.628Z", "user": 1, "content_type": 15, "object_id": "4", "object_repr": "Civil Engineering Structures", "action_flag": 1, "change_message": "[{\"added\": {}}]"}}, {"model": "admin.logentry", "pk": 20, "fields": {"action_time": "2022-07-12T14:08:35.416Z", "user": 1, "content_type": 15, "object_id": "5", "object_repr": "Civil Engineering Structures", "action_flag": 1, "change_message": "[{\"added\": {}}]"}}, {"model": "admin.logentry", "pk": 21, "fields": {"action_time": "2022-07-12T14:09:04.071Z", "user": 1, "content_type": 15, "object_id": "6", "object_repr": "Civil Engineering Structures", "action_flag": 1, "change_message": "[{\"added\": {}}]"}}, {"model": "admin.logentry", "pk": 22, "fields": {"action_time": "2022-07-12T14:09:28.730Z", "user": 1, "content_type": 15, "object_id": "7", "object_repr": "Civil Engineering Structures", "action_flag": 1, "change_message": "[{\"added\": {}}]"}}, {"model": "admin.logentry", "pk": 23, "fields": {"action_time": "2022-07-12T14:09:52.386Z", "user": 1, "content_type": 15, "object_id": "8", "object_repr": "Civil Engineering Structures", "action_flag": 1, "change_message": "[{\"added\": {}}]"}}, {"model": "admin.logentry", "pk": 24, "fields": {"action_time": "2022-07-12T14:10:23.510Z", "user": 1, "content_type": 15, "object_id": "9", "object_repr": "External Fire Risk Inspections", "action_flag": 1, "change_message": "[{\"added\": {}}]"}}, {"model": "admin.logentry", "pk": 25, "fields": {"action_time": "2022-07-12T14:11:07.129Z", "user": 1, "content_type": 15, "object_id": "10", "object_repr": "Domestic & Commercial Surveys - Chimney & Roof Inspections", "action_flag": 1, "change_message": "[{\"added\": {}}]"}}, {"model": "admin.logentry", "pk": 26, "fields": {"action_time": "2022-07-12T14:11:48.507Z", "user": 1, "content_type": 15, "object_id": "11", "object_repr": "Domestic & Commercial Surveys - Chimney & Roof Inspections", "action_flag": 1, "change_message": "[{\"added\": {}}]"}}, {"model": "admin.logentry", "pk": 27, "fields": {"action_time": "2022-07-12T14:12:31.394Z", "user": 1, "content_type": 15, "object_id": "12", "object_repr": "Domestic & Commercial Surveys - Gutter & Roof Inspections", "action_flag": 1, "change_message": "[{\"added\": {}}]"}}, {"model": "admin.logentry", "pk": 28, "fields": {"action_time": "2022-07-12T18:54:03.706Z", "user": 1, "content_type": 19, "object_id": "1", "object_repr": "Contact object (1)", "action_flag": 1, "change_message": "[{\"added\": {}}]"}}, {"model": "admin.logentry", "pk": 29, "fields": {"action_time": "2022-07-14T14:06:05.560Z", "user": 1, "content_type": 20, "object_id": "1", "object_repr": "test", "action_flag": 2, "change_message": "[{\"changed\": {\"fields\": [\"Status\"]}}]"}}, {"model": "admin.logentry", "pk": 30, "fields": {"action_time": "2022-07-14T14:12:56.163Z", "user": 1, "content_type": 20, "object_id": "2", "object_repr": "updated review", "action_flag": 2, "change_message": "[{\"changed\": {\"fields\": [\"Status\"]}}]"}}, {"model": "auth.user", "pk": 1, "fields": {"password": "pbkdf2_sha256$260000$uLmxSiz28jRF2KmOyPZxLW$/1EogQf2I8GZiGwkbghDtkURWPKNK7XsuT3hlxtu8WM=", "last_login": "2022-07-14T19:06:10.924Z", "is_superuser": true, "username": "admin", "first_name": "", "last_name": "", "email": "admin@admin.com", "is_staff": true, "is_active": true, "date_joined": "2022-07-11T13:04:04.002Z", "groups": [], "user_permissions": []}}, {"model": "auth.user", "pk": 2, "fields": {"password": "pbkdf2_sha256$260000$z9ETwmCJRZ91HZ3aWKXEqU$Njo0VRcrQbcwCGyQ1fxGhBmhHurJN3xnFFEGSCfy1ag=", "last_login": "2022-07-11T21:42:35.986Z", "is_superuser": true, "username": "tutor", "first_name": "", "last_name": "", "email": "", "is_staff": true, "is_active": true, "date_joined": "2022-07-11T21:41:39.386Z", "groups": [], "user_permissions": []}}, {"model": "auth.user", "pk": 3, "fields": {"password": "pbkdf2_sha256$260000$zaokprz0ly7HYUtoFf8msU$fpD7cR9gueYveMc+oco833Vw0sNm5+MPImYJiS0oGIo=", "last_login": "2022-07-14T18:12:42.728Z", "is_superuser": false, "username": "Rick", "first_name": "", "last_name": "", "email": "rick@c-soars.com", "is_staff": false, "is_active": true, "date_joined": "2022-07-12T18:36:17.278Z", "groups": [], "user_permissions": []}}, {"model": "sessions.session", "pk": "46znimjne2martyjtoksjs3ym78daugf", "fields": {"session_data": ".eJxVjMsOgjAQRf-la0JA-qAs3fsNzbQzlSppDQNGY_x3JWGh23vOPS_hYF1GtzLNLqEYRCuq381DuFLeAF4gn0sdSl7m5OtNqXfK9akgTcfd_QuMwOP3baUGhS1pAEPekrS9l6SAvOmslDZEsFZRtEgBjVTosekPJmqCjqKGLcrEnEp29Lil-SmGphIMd3IpxyKGCBPT-wOQVEb4:1oC4yq:gHuNLPa2WYyTaPXmw2yKffptIstXnUncLpGAZPZFJ6M", "expire_date": "2022-07-28T19:58:36.618Z"}}, {"model": "sessions.session", "pk": "e5hbi314tc7ytf26o0r27mbgc9wfbfii", "fields": {"session_data": ".eJxVjMsOwiAQRf-FtSE8BEqX7v0GMjCDrTaQlNaN8d-VpAvd3nPuebEA-zaFvdEaZmQjU-z0u0VIDyod4B3KrfJUy7bOkXeFH7Txa0VaLof7F5igTf2dpHBg4iDQgiOrJYH2lLIZBlLWklI5OwLlvUahEyoU_mwTxmiMBP2NNnhSmEuubMywNHp_ACaQPs8:1oB1BP:xjJhv91fgE-L-G30zdaXpQHMvpZZwReUw9IckAa_OVw", "expire_date": "2022-07-25T21:43:11.043Z"}}, {"model": "sessions.session", "pk": "eke8davcuxv053n8mvihmlklmlbaggv0", "fields": {"session_data": ".eJxVjMsOgjAQRf-la0NA-qAs3fsNzbQzlSppDQNGY_x3IWHD9p5zz1c4JuZUsqP3M00f0dcn4WCZB7cwTS6h6EUjDpuH8KC8AbxDvpUqlDxPyVebUu2Uq2tBGi-7ewgMwMP6tlKDwoY0gCFvSdrOS1JA3rRWShsiWKsoWqSARir0WHdnEzVBS1HDGmV4kUs5FtFHGJl-f_TqRvg:1oB1l9:vdp8KlAcQRWtvLYVJQz29Swti3w96f5vfzDW1hYfYz4", "expire_date": "2022-07-25T22:20:07.142Z"}}, {"model": "sessions.session", "pk": "nbkt3c6xxvofj71br7tgqvrvpnfnl2ix", "fields": {"session_data": ".eJxVjU0KwyAQhe_iuoTEqJNk115ERh2JNJgSFVpK714Tsmg3A-9nvvdmGkuedUm06eDYxHp2-fUM2jvFPcBl2e0GrV1LzM3ROePUXKuimIPFHNZ4O7_-UDOmuXIEonR-ADEoJzlQZ6FDApIIXKl2HC14EmCIG8c7dKYeT14qMIqL_oAmSqnOaHo-wvZiU_v5AtYKRB0:1oBLY6:eirEVhJSHH_IGuN46k2I7jb5hT3JQtq0ZAXTuk1Beu0", "expire_date": "2022-07-26T19:27:58.430Z"}}, {"model": "sessions.session", "pk": "pjou8bmaj3of8xjvgqdnd4pqp578knhh", "fields": {"session_data": ".eJxVjMsOgjAQRf-la9OA9MGwdO83NNPOVKqmJRQSjfHflYSFbu8597yEw3UZ3Vp5donEIFpx-N08hhvnDdAV86XIUPIyJy83Re60ynMhvp929y8wYh2_b1AGNbVsEC17YAW9V6yRve1AKQgRATRHIA5klSZPTX-00TB2HA1u0cq1ppIdP6Y0P8XQvD_OSECJ:1oBZ9i:0-jyeFRfJ7eARMK8VTms8cPUgf4QHIDCaOM6VX62cRk", "expire_date": "2022-07-27T09:59:42.802Z"}}, {"model": "sessions.session", "pk": "skb560lfy8njv2rzf1ke91o5faexlo25", "fields": {"session_data": ".eJxVjcsKgzAQRf8laxGNeai79kfCJJlgqMTixNJS-u-N4qLdDNzHnPtmBrY8mY1wNdGzkXWs-vUsuBumPYB53u0anFu2lOujc8ZUX4rClKODHJd0Pb_-UBPQVDgCQPrQa9ErL7nG1ukWUKMEzZVqhsHpgEJb5NbzFrwtJ2CQSlvFRXdACYnKjMHnPa4vNjYVI3igiSksbAwwE36-2H5KjA:1oBk51:8_9EFO_WloH0RFttBE5LpqNg6Lg4R_LLeaMPen1DJXk", "expire_date": "2022-07-27T21:39:35.789Z"}}, {"model": "sites.site", "pk": 1, "fields": {"domain": "example.com", "name": "example.com"}}, {"model": "account.emailaddress", "pk": 1, "fields": {"user": 1, "email": "admin@admin.com", "verified": true, "primary": true}}, {"model": "account.emailaddress", "pk": 2, "fields": {"user": 3, "email": "rick@c-soars.com", "verified": true, "primary": true}}, {"model": "services.category", "pk": 1, "fields": {"name": "Civil Engineering Structures", "friendly_name": "CES"}}, {"model": "services.category", "pk": 2, "fields": {"name": "External Fire Risk Inspections", "friendly_name": "EFRI"}}, {"model": "services.category", "pk": 3, "fields": {"name": "Domestic & Commercial Surveys - Chimney & Roof Inspections", "friendly_name": "D&CS I"}}, {"model": "services.category", "pk": 4, "fields": {"name": "Domestic & Commercial Surveys - Roof Inspections All Areas", "friendly_name": "D&CS II"}}, {"model": "services.category", "pk": 5, "fields": {"name": "Domestic & Commercial Surveys - Gutter & Roof Inspections", "friendly_name": "D&CS III"}}, {"model": "services.category", "pk": 6, "fields": {"name": "Domestic & Commercial Surveys - Dangerous Structures Inspections", "friendly_name": "D&CS IV"}}, {"model": "services.service", "pk": 4, "fields": {"created_on": "2022-07-12T14:08:14.627Z", "user": 1, "category": 1, "name": "Civil Engineering Structures", "description": "Drone Survey with Photos", "includes": "Pre-site Survey & Risk Assessment, Drone Survey of Intended Area & Photos", "price": "350.00", "spotters": "150.00", "images": "drone_survey_roof_1_OKynHSZ.jpg", "grand_total": "0.00", "comment": "", "status": "Started"}}, {"model": "services.service", "pk": 5, "fields": {"created_on": "2022-07-12T14:08:35.414Z", "user": 1, "category": 1, "name": "Civil Engineering Structures", "description": "Drone Survey with Video & Photos", "includes": "Pre-site Survey & Risk Assessment, Drone Survey of Intended Area, Videos & Photos", "price": "500.00", "spotters": "150.00", "images": "drone_survey_roof_3_JpPf8NO.jpg", "grand_total": "0.00", "comment": "", "status": "Started"}}, {"model": "services.service", "pk": 6, "fields": {"created_on": "2022-07-12T14:09:04.070Z", "user": 1, "category": 1, "name": "Civil Engineering Structures", "description": "Drone Survey with Videos & Photos with Thermal Images", "includes": "Pre-site Survey & Risk Assessment, Drone Survey of Intended Area, Videos, Photos & Thermal Imaging", "price": "600.00", "spotters": "150.00", "images": "Thermal-Image-of-House_adsmL1Z.jpg", "grand_total": "0.00", "comment": "", "status": "Started"}}, {"model": "services.service", "pk": 7, "fields": {"created_on": "2022-07-12T14:09:28.729Z", "user": 1, "category": 1, "name": "Civil Engineering Structures", "description": "Drone Survey Edited Video & Recommendations of Works Required", "includes": "Pre-site Survey & Risk Assessment, Drone Survey of Intended Area, Editied Video Presentation & Recommendations of Works Required", "price": "750.00", "spotters": "150.00", "images": "drone_survey_roof_3_fvqkk4M.jpg", "grand_total": "0.00", "comment": "", "status": "Started"}}, {"model": "services.service", "pk": 8, "fields": {"created_on": "2022-07-12T14:09:52.385Z", "user": 1, "category": 1, "name": "Civil Engineering Structures", "description": "Drone Survey with Surveyor Report", "includes": "Pre-site Survey & Risk Assessment, Drone Survey of Intended Area & Surveyor Report", "price": "900.00", "spotters": "150.00", "images": "stock_img1.jpg", "grand_total": "0.00", "comment": "", "status": "Started"}}, {"model": "services.service", "pk": 9, "fields": {"created_on": "2022-07-12T14:10:23.505Z", "user": 1, "category": 2, "name": "External Fire Risk Inspections", "description": "Drone Survey with Videos & Photos with Thermal Images", "includes": "Pre-site Survey & Risk Assessment, Drone Survey of Intended Area, Videos, Photos & Thermal Imaging", "price": "1000.00", "spotters": "150.00", "images": "drone_pilot2_oZMXP1y.jpg", "grand_total": "0.00", "comment": "", "status": "Started"}}, {"model": "services.service", "pk": 10, "fields": {"created_on": "2022-07-12T14:11:07.128Z", "user": 1, "category": 3, "name": "Domestic & Commercial Surveys - Chimney & Roof Inspections", "description": "Drone Survey with Photos", "includes": "Pre-site Survey & Risk Assessment, Drone Survey of Intended Area & Photos", "price": "400.00", "spotters": "150.00", "images": "drone_survey_roof_2.jpg", "grand_total": "0.00", "comment": "", "status": "Started"}}, {"model": "services.service", "pk": 11, "fields": {"created_on": "2022-07-12T14:11:48.507Z", "user": 1, "category": 3, "name": "Domestic & Commercial Surveys - Chimney & Roof Inspections", "description": "Drone Survey with Surveyor Report", "includes": "Pre-site Survey & Risk Assessment, Drone Survey of Intended Area & Surveyor Report", "price": "1000.00", "spotters": "150.00", "images": "noimage.png", "grand_total": "0.00", "comment": "", "status": "Started"}}, {"model": "services.service", "pk": 12, "fields": {"created_on": "2022-07-12T14:12:31.393Z", "user": 1, "category": 5, "name": "Domestic & Commercial Surveys - Gutter & Roof Inspections", "description": "Drone Survey with Video & Photos", "includes": "Pre-site Survey & Risk Assessment, Drone Survey of Intended Area, Videos & Photos", "price": "550.00", "spotters": "150.00", "images": "noimage.png", "grand_total": "0.00", "comment": "", "status": "Started"}}, {"model": "payment.order", "pk": 7, "fields": {"order_number": "7CC54DB1467D4D10A61CD282E3BDBC84", "user_account": 1, "name": "James", "email": "james@007.com", "contact_number": "1234567890", "address1": "chain", "address2": "test", "post_code": "SN25 3FF", "city": "Swindon", "county": null, "country": "GB", "date": "2022-07-12T19:27:29.345Z", "order_total": "500.00", "spotters": "150.00", "grand_total": "500.00", "original_briefcase": "{\"4\": 1}", "stripe_pid": "pi_3LKojoB28RWqcdkU0fVCws7O"}}, {"model": "payment.order", "pk": 8, "fields": {"order_number": "D4B727391BCD4B69A27B0B5850A466E7", "user_account": 3, "name": "Ricardo", "email": "rick@c-soars.com", "contact_number": "1234567890", "address1": "chain", "address2": "test", "post_code": "SN25 3FF", "city": "Swindon", "county": null, "country": "GB", "date": "2022-07-13T21:26:09.839Z", "order_total": "1050.00", "spotters": "150.00", "grand_total": "1050.00", "original_briefcase": "{\"8\": 1}", "stripe_pid": "pi_3LLD3qB28RWqcdkU0oFhB58C"}}, {"model": "payment.order", "pk": 9, "fields": {"order_number": "6DB8D1115A424D068BCCEA359116AF20", "user_account": 1, "name": "James", "email": "james@007.com", "contact_number": "1234567890", "address1": "chain", "address2": "test", "post_code": "SN25 3FF", "city": "Swindon", "county": null, "country": "GB", "date": "2022-07-14T12:26:39.421Z", "order_total": "1150.00", "spotters": "150.00", "grand_total": "1150.00", "original_briefcase": "{\"9\": 1}", "stripe_pid": "pi_3LLR7dB28RWqcdkU12WmWf8U"}}, {"model": "payment.order", "pk": 10, "fields": {"order_number": "960429D91F5F4DE1B0BA13A40905AE60", "user_account": 3, "name": "Rick Pie", "email": "rick@c-soars.com", "contact_number": "1234567890", "address1": "chain", "address2": "test", "post_code": "SN25 3FF", "city": "Swindon", "county": null, "country": "GB", "date": "2022-07-14T18:37:37.619Z", "order_total": "550.00", "spotters": "150.00", "grand_total": "550.00", "original_briefcase": "{\"10\": 1}", "stripe_pid": "pi_3LLWuBB28RWqcdkU0gEisnXO"}}, {"model": "payment.order", "pk": 11, "fields": {"order_number": "2235023398E24056A99310D07F5E8B55", "user_account": 1, "name": "James", "email": "wosiyes602@teasya.com", "contact_number": "1234567890", "address1": "chain", "address2": "test", "post_code": "SN25 3FF", "city": "Swindon", "county": null, "country": "GB", "date": "2022-07-14T19:12:29.965Z", "order_total": "500.00", "spotters": "150.00", "grand_total": "500.00", "original_briefcase": "{\"4\": 1}", "stripe_pid": "pi_3LLXQZB28RWqcdkU19siaIZG"}}, {"model": "payment.order", "pk": 12, "fields": {"order_number": "CEE698406E7A4DB196967653082CA3F2", "user_account": 1, "name": "jimmy", "email": "james@007.com", "contact_number": "1234567890", "address1": "chain", "address2": "test", "post_code": "SN25 3FF", "city": "Swindon", "county": null, "country": "GB", "date": "2022-07-14T19:57:54.800Z", "order_total": "650.00", "spotters": "150.00", "grand_total": "650.00", "original_briefcase": "{\"5\": 1}", "stripe_pid": "pi_3LLYAHB28RWqcdkU1ne9Czoe"}}, {"model": "payment.order", "pk": 13, "fields": {"order_number": "2B531A5C6F4C407BABE41BB1460A4B0C", "user_account": 1, "name": "admin", "email": "wosiyes602@teasya.com", "contact_number": "1234567890", "address1": "chain", "address2": "test", "post_code": "SN25 3FF", "city": "Swindon", "county": null, "country": "GB", "date": "2022-07-14T19:58:36.548Z", "order_total": "650.00", "spotters": "150.00", "grand_total": "650.00", "original_briefcase": "{\"5\": 1}", "stripe_pid": "pi_3LLYAwB28RWqcdkU19OhiHs3"}}, {"model": "payment.orderitem", "pk": 7, "fields": {"order": 7, "service": 4, "description": "0", "quantity": 1, "spotters": "150.00", "orderitem_total": "500.00"}}, {"model": "payment.orderitem", "pk": 8, "fields": {"order": 8, "service": 8, "description": "0", "quantity": 1, "spotters": "150.00", "orderitem_total": "1050.00"}}, {"model": "payment.orderitem", "pk": 9, "fields": {"order": 9, "service": 9, "description": "0", "quantity": 1, "spotters": "150.00", "orderitem_total": "1150.00"}}, {"model": "payment.orderitem", "pk": 10, "fields": {"order": 10, "service": 10, "description": "0", "quantity": 1, "spotters": "150.00", "orderitem_total": "550.00"}}, {"model": "payment.orderitem", "pk": 11, "fields": {"order": 11, "service": 4, "description": "0", "quantity": 1, "spotters": "150.00", "orderitem_total": "500.00"}}, {"model": "payment.orderitem", "pk": 12, "fields": {"order": 12, "service": 5, "description": "0", "quantity": 1, "spotters": "150.00", "orderitem_total": "650.00"}}, {"model": "payment.orderitem", "pk": 13, "fields": {"order": 13, "service": 5, "description": "0", "quantity": 1, "spotters": "150.00", "orderitem_total": "650.00"}}, {"model": "useraccount.useraccount", "pk": 1, "fields": {"user": 1, "email": "james@007.com", "contact_number": "1234567890", "address1": "chain", "address2": "test", "post_code": "SN25 3FF", "city": "Swindon", "county": null, "country": "GB"}}, {"model": "useraccount.useraccount", "pk": 2, "fields": {"user": 2, "email": null, "contact_number": null, "address1": null, "address2": null, "post_code": null, "city": null, "county": null, "country": null}}, {"model": "useraccount.useraccount", "pk": 3, "fields": {"user": 3, "email": null, "contact_number": null, "address1": null, "address2": null, "post_code": null, "city": null, "county": null, "country": null}}, {"model": "useraccount.reviewrating", "pk": 1, "fields": {"service": 8, "user": 3, "subject": "test", "review": "testform", "rating": 4.5, "status": true, "created": "2022-07-13T21:39:35.606Z", "updated": "2022-07-14T14:06:05.559Z"}}, {"model": "useraccount.reviewrating", "pk": 2, "fields": {"service": 8, "user": 3, "subject": "updated review", "review": "updated review", "rating": 2.5, "status": true, "created": "2022-07-14T14:12:24.195Z", "updated": "2022-07-14T14:12:56.162Z"}}, {"model": "useraccount.reviewrating", "pk": 3, "fields": {"service": 9, "user": 1, "subject": "test", "review": "test2", "rating": 4.5, "status": true, "created": "2022-07-14T15:21:47.512Z", "updated": "2022-07-14T15:21:47.512Z"}}, {"model": "useraccount.reviewrating", "pk": 4, "fields": {"service": 9, "user": 1, "subject": "test", "review": "test", "rating": 5.0, "status": true, "created": "2022-07-14T15:47:53.342Z", "updated": "2022-07-14T15:47:53.342Z"}}, {"model": "contact.contact", "pk": 1, "fields": {"user": 3, "name": "Rick Pie", "email": "rick@c-soars.com", "contact_number": "1234567890", "subject": "test", "comment": "test", "actioned": false}}]